id,municipality,city,category,rooms,area,price
1,Ariana,Ariana Ville,0,5,200,450000
2,Ariana,Ariana Ville,0,3,130,290000
3,Ariana,Ariana Ville,0,2,65,130000
4,Ariana,Ariana Ville,0,3,123,270000
5,Ariana,Ariana Ville,0,2,104,230000
6,Ariana,Ariana Ville,1,4,400,650000
7,Ariana,Ariana Ville,1,2,74,190000
8,Ariana,Ariana Ville,1,6,528,1000000
9,Ariana,Ariana Ville,1,3,325,590000
10,Ariana,Ariana Ville,1,2,102,210000
11,Ariana,Ariana Ville,1,4,220,450000
12,Ariana,Borj Louzir,0,4,135,290000
13,Ariana,Borj Louzir,0,2,70,120000
14,Ariana,Borj Louzir,0,4,117,230000
15,Ariana,Borj Louzir,0,2,100,180000
16,Ariana,Borj Louzir,0,5,130,280000
17,Ariana,Borj Louzir,1,6,420,950000
18,Ariana,Borj Louzir,1,3,101,170000
19,Ariana,Borj Louzir,1,4,300,325000
20,Ariana,Borj Louzir,1,4,180,250000
21,Ariana,Borj Louzir,1,2,100,150000
22,Ariana,Chotrana,0,4,156,377000
23,Ariana,Chotrana,0,1,60,140000
24,Ariana,Chotrana,0,4,145,350000
25,Ariana,Chotrana,0,3,184,368000
26,Ariana,Chotrana,0,5,230,520000
27,Ariana,Chotrana,1,4,250,650000
28,Ariana,Chotrana,1,5,420,800000
29,Ariana,Chotrana,1,4,327.5,750000
30,Ariana,Chotrana,1,4,458,790000
31,Ariana,Chotrana,1,3,200,400000
32,Ariana,Ennasr,0,5,157,500000
33,Ariana,Ennasr,0,4,140,350000
34,Ariana,Ennasr,0,3,115,285000
35,Ariana,Ennasr,0,4,119,309000
36,Ariana,Ennasr,0,2,120,250000
37,Ariana,Ennasr,1,7,402,1000000
38,Ariana,Ennasr,1,7,236,550000
39,Ariana,Ennasr,1,3,170,380000
40,Ariana,Ennasr,1,4,390,680000
41,Ariana,Ennasr,1,8,311,650000
42,Ariana,Ettadhamen,0,3,86,80000
43,Ariana,Ettadhamen,1,5,90,75000
44,Ariana,Ettadhamen,1,8,150,180000
45,Ariana,Ettadhamen,1,9,200,270000
46,Ariana,Ettadhamen,1,4,158,130000
47,Ariana,Ettadhamen,1,5,180,155000
48,Ariana,Ghazela,0,1,105,160000
49,Ariana,Ghazela,0,2,90,163000
50,Ariana,Ghazela,0,3,115,180000
51,Ariana,Ghazela,0,3,145,225000
52,Ariana,Ghazela,0,4,100,160000
53,Ariana,Ghazela,0,3,95,180000
54,Ariana,Jardins D'el Menzah,0,4,100,320000
55,Ariana,Jardins D'el Menzah,0,4,150,495000
56,Ariana,Jardins D'el Menzah,0,3,70,160000
57,Ariana,Jardins D'el Menzah,0,5,135,400000
58,Ariana,Jardins D'el Menzah,0,2,83,230000
59,Ariana,Jardins D'el Menzah,1,8,90,350000
60,Ariana,Jardins D'el Menzah,1,9,420,850000
61,Ariana,Jardins D'el Menzah,1,3,120,520000
62,Ariana,Jardins D'el Menzah,1,5,180,650000
63,Ariana,Kalaât El Andalous,0,4,150,290000
64,Ariana,Kalaât El Andalous,0,3,100,190000
65,Ariana,Kalaât El Andalous,1,6,285,774000
66,Ariana,La Soukra,0,3,115,342000
67,Ariana,La Soukra,0,4,147,390000
68,Ariana,La Soukra,0,1,78,123000
69,Ariana,La Soukra,0,3,132,350000
70,Ariana,La Soukra,0,5,255,590000
71,Ariana,La Soukra,1,4,165,400000
72,Ariana,La Soukra,1,3,300,720000
73,Ariana,La Soukra,1,4,380,1000000
74,Ariana,La Soukra,1,4,277,750000
75,Ariana,La Soukra,1,3,250,650000
76,Ariana,Manar,0,2,38,82000
77,Ariana,Manar,0,4,110,235000
78,Ariana,Manar,0,3,150,270000
79,Ariana,Manar,0,4,100,210000
80,Ariana,Manar,0,3,113,248000
81,Ariana,Manar,0,5,150,330000
82,Ariana,Manar,1,7,300,900000
83,Ariana,Manar,1,1,620,1100000
84,Ariana,Manar,1,6,279,800000
85,Ariana,Manar,1,8,300,945000
86,Ariana,Manar,1,8,670,2400000
87,Ariana,Menzah,0,4,103,260000
88,Ariana,Menzah,0,5,175,385000
89,Ariana,Menzah,0,4,168,315000
90,Ariana,Menzah,0,7,190,550000
91,Ariana,Menzah,0,2,90,220000
92,Ariana,Menzah,1,5,220,280000
93,Ariana,Menzah,1,6,330,380000
94,Ariana,Menzah,1,5,800,2000000
95,Ariana,Menzah,1,3,450,980000
96,Ariana,Menzah,1,8,400,1000000
97,Ariana,Mnihla,0,1,160,160000
98,Ariana,Mnihla,0,3,105,120000
99,Ariana,Mnihla,0,1,75,75000
100,Ariana,Mnihla,0,3,135,200000
101,Ariana,Mnihla,0,4,120,190000
102,Ariana,Mnihla,0,3,80,95000
103,Ariana,Mnihla,1,1,598,630000
104,Ariana,Mnihla,1,4,201,280000
105,Ariana,Mnihla,1,5,100,120000
106,Ariana,Mnihla,1,4,290,360000
107,Ariana,Mnihla,1,9,125,200000
108,Ariana,Raoued,0,3,90,140000
109,Ariana,Raoued,0,1,31,95000
110,Ariana,Raoued,0,4,100,150000
111,Ariana,Raoued,0,1,109,145000
112,Ariana,Raoued,0,4,115,190000
113,Ariana,Raoued,1,5,90,145000
114,Ariana,Raoued,1,3,140,195000
115,Ariana,Raoued,1,3,310,375000
116,Ariana,Raoued,1,3,70,115000
117,Ariana,Raoued,1,7,250,400000
118,Ariana,Sidi Thabet,1,2,250,550000
119,Ben Arous,Borj Cedria,0,3,141,250000
120,Ben Arous,Borj Cedria,0,4,158,300000
121,Ben Arous,Borj Cedria,0,3,108,180000
122,Ben Arous,Borj Cedria,0,2,150,270000
123,Ben Arous,Borj Cedria,0,3,135,190000
124,Ben Arous,Borj Cedria,1,3,215,400000
125,Ben Arous,Borj Cedria,1,5,270,530000
126,Ben Arous,Borj Cedria,1,5,240,435000
127,Ben Arous,Boumhel,0,3,138,250000
128,Ben Arous,Boumhel,0,4,140,295000
129,Ben Arous,Boumhel,0,4,125,260000
130,Ben Arous,Boumhel,0,4,158,285000
131,Ben Arous,Boumhel,1,4,180,360000
132,Ben Arous,Boumhel,1,5,212,420000
133,Ben Arous,Boumhel,1,2,100,200000
134,Ben Arous,Boumhel,1,7,600,1000000
135,Ben Arous,Boumhel,1,5,168,350000
136,Ben Arous,El Mourouj,0,6,170,380000
137,Ben Arous,El Mourouj,0,4,115,205000
138,Ben Arous,El Mourouj,0,3,106,182000
139,Ben Arous,El Mourouj,0,3,140,187000
140,Ben Arous,El Mourouj,1,2,100,190000
141,Ben Arous,El Mourouj,1,6,600,550000
142,Ben Arous,El Mourouj,1,4,132,340000
143,Ben Arous,El Mourouj,1,4,198,415000
144,Ben Arous,El Mourouj,1,3,110,240000
145,Ben Arous,El Mourouj,1,4,200,430000
146,Ben Arous,Ezzahra,0,3,128,195000
147,Ben Arous,Ezzahra,0,1,65,110000
148,Ben Arous,Ezzahra,0,3,85,140000
149,Ben Arous,Ezzahra,0,4,163,270000
150,Ben Arous,Ezzahra,1,6,400,680000
151,Ben Arous,Ezzahra,1,2,166,320000
152,Ben Arous,Ezzahra,1,5,180,360000
153,Ben Arous,Ezzahra,1,4,140,320000
154,Ben Arous,Ezzahra,1,1,76,130000
155,Ben Arous,Fouchana,0,1,60,89000
156,Ben Arous,Fouchana,0,5,269,230000
157,Ben Arous,Fouchana,0,3,120,135000
158,Ben Arous,Fouchana,0,4,150,160000
159,Ben Arous,Fouchana,1,5,210,320000
160,Ben Arous,Fouchana,1,4,130,230000
161,Ben Arous,Fouchana,1,3,120,200000
162,Ben Arous,Fouchana,1,3,150,250000
163,Ben Arous,Fouchana,1,3,112,220000
164,Ben Arous,Hammam Chott,0,1,110,190000
165,Ben Arous,Hammam Chott,0,1,48,95000
166,Ben Arous,Hammam Chott,0,3,152,240000
167,Ben Arous,Hammam Chott,0,2,124,193000
168,Ben Arous,Hammam Chott,0,3,146,203000
169,Ben Arous,Hammam Chott,1,3,315,320000
170,Ben Arous,Hammam Chott,1,3,400,400000
171,Ben Arous,Hammam Chott,1,4,150,230000
172,Ben Arous,Hammam Chott,1,2,120,180000
173,Ben Arous,Hammam Chott,1,3,169,260000
174,Ben Arous,Hammam Lif,0,1,90,125000
175,Ben Arous,Hammam Lif,0,7,250,300000
176,Ben Arous,Hammam Lif,1,5,319,350000
177,Ben Arous,Hammam Lif,1,4,150,250000
178,Ben Arous,Hammam Lif,1,6,250,300000
179,Ben Arous,Medina Jedida,0,2,65,92000
180,Ben Arous,Medina Jedida,0,2,118,209000
181,Ben Arous,Medina Jedida,0,4,90,160000
182,Ben Arous,Medina Jedida,0,9,400,650000
183,Ben Arous,Medina Jedida,0,3,80,120000
184,Ben Arous,Medina Jedida,1,8,380,495000
185,Ben Arous,Medina Jedida,1,6,170,250000
186,Ben Arous,Medina Jedida,1,1,620,840000
187,Ben Arous,Medina Jedida,1,6,100,170000
188,Ben Arous,Medina Jedida,1,8,350,480000
189,Ben Arous,Mohamedia,0,3,75,78000
190,Ben Arous,Mohamedia,1,5,137,130000
191,Ben Arous,Mohamedia,1,5,170,180000
192,Ben Arous,Mohamedia,1,4,162,170000
193,Ben Arous,Mohamedia,1,4,182,185000
194,Ben Arous,Mohamedia,1,4,128,102000
195,Ben Arous,Mornag,0,3,104,156000
196,Ben Arous,Mornag,0,6,75,140000
197,Ben Arous,Mornag,0,4,105,130000
198,Ben Arous,Mornag,1,2,100,160000
199,Ben Arous,Mornag,1,3,80,150000
200,Ben Arous,Mornag,1,1,312,358000
201,Ben Arous,Mornag,1,3,550,750000
202,Ben Arous,Mornag,1,6,100,210000
203,Ben Arous,Radès,0,4,106,170000
204,Ben Arous,Radès,0,2,110,154000
205,Ben Arous,Radès,0,3,72,120000
206,Ben Arous,Radès,0,3,65,110000
207,Ben Arous,Radès,0,1,100,120000
208,Ben Arous,Radès,1,1,330,350000
209,Ben Arous,Radès,1,6,250,330000
210,Ben Arous,Radès,1,4,182,230000
211,Ben Arous,Radès,1,7,170,240000
212,Ben Arous,Radès,1,4,220,280000
213,Bizerte,Bizerte Nord,0,4,147,270000
214,Bizerte,Bizerte Nord,0,5,202,440000
215,Bizerte,Bizerte Nord,0,3,120,230000
216,Bizerte,Bizerte Nord,0,2,80,150000
217,Bizerte,Bizerte Nord,1,2,202,240000
218,Bizerte,Bizerte Nord,1,3,150,235000
219,Bizerte,Bizerte Nord,1,4,235,320000
220,Bizerte,Bizerte Nord,1,6,300,500000
221,Bizerte,Bizerte Nord,1,5,252,420000
222,Bizerte,Ghar El Melh,1,3,168,170000
223,Bizerte,Ghar El Melh,1,4,200,230000
224,Bizerte,Ghar El Melh,1,1,70,95000
225,Bizerte,Mateur,1,6,150,170000
226,Bizerte,Mateur,1,9,130,195000
227,Bizerte,Menzel Bourguiba,1,1,150,450000
228,Bizerte,Menzel Jemil,1,5,190,170000
229,Bizerte,Menzel Jemil,1,7,160,140000
230,Bizerte,Menzel Jemil,1,5,555,510000
231,Bizerte,Menzel Jemil,1,3,170,150000
232,Bizerte,Ras Jebel,0,1,110,155000
233,Bizerte,Ras Jebel,0,1,115,195000
234,Bizerte,Ras Jebel,0,3,98,120000
235,Bizerte,Ras Jebel,0,4,280,320000
236,Bizerte,Ras Jebel,1,3,168,510000
237,Bizerte,Ras Jebel,1,3,144,467000
238,Bizerte,Ras Jebel,1,1,75,160000
239,Bizerte,Ras Jebel,1,7,300,700000
240,Bizerte,Ras Jebel,1,5,60,210000
241,Bizerte,Tinja,1,8,230,520000
242,Bizerte,Tinja,1,6,500,850000
243,Bizerte,Tinja,1,4,180,400000
244,Bizerte,Tinja,1,6,120,300000
245,Bizerte,Utique,1,5,300,750000
246,Bizerte,Utique,1,6,240,697000
247,Bizerte,Utique,1,3,200,530000
248,Bizerte,Zarzouna,1,4,115,145000
249,Gafsa,El Guettar,1,4,150,120000
250,Gafsa,Gafsa Nord,1,4,130,200000
251,Gafsa,Gafsa Nord,1,3,100,120000
252,Gafsa,Gafsa Sud,1,8,400,520000
253,Gafsa,Gafsa Sud,1,1,90,70000
254,Gafsa,Gafsa Sud,1,3,106,130000
255,Jendouba,Ain Draham,1,1,110,46000
256,Jendouba,Bou Salem,1,5,270,200000
257,Jendouba,Jendouba,1,4,320,350000
258,Jendouba,Jendouba,1,4,200,200000
259,Jendouba,Jendouba,1,4,110,110000
260,Jendouba,Tabarka,1,2,250,180000
261,Jendouba,Tabarka,1,1,440,530000
262,Jendouba,Tabarka,1,2,400,589000
263,Kairouan,Kairouan Nord,1,6,205,195000
264,Kairouan,Kairouan Nord,1,4,100,90000
265,Kairouan,Kairouan Nord,1,3,114,118000
266,Kairouan,Kairouan Nord,1,5,150,175000
267,Kairouan,Kairouan Sud,1,3,200,150000
268,Kairouan,Kairouan Sud,1,5,400,330000
269,Kairouan,Kairouan Sud,1,4,330,250000
270,Kairouan,Kairouan Sud,1,3,140,120000
271,Kairouan,Nasrallah,1,4,200,75000
272,Mahdia,Chebba,0,4,248,320000
273,Mahdia,Chebba,1,2,150,165000
274,Mahdia,Chebba,1,6,440,800000
275,Mahdia,Chebba,1,3,200,220000
276,Mahdia,Chebba,1,5,61,39000
277,Mahdia,Ksour Essef,1,3,120,100000
278,Mahdia,Ksour Essef,1,9,190,300000
279,Mahdia,Ksour Essef,1,1,80,90000
280,Mahdia,Ksour Essef,1,2,110,150000
281,Mahdia,Ksour Essef,1,3,100,120000
282,Mahdia,Mahdia,0,3,105,120000
283,Mahdia,Mahdia,0,3,125,140000
284,Mahdia,Mahdia,0,1,80,80000
285,Mahdia,Mahdia,0,1,102,105000
286,Mahdia,Mahdia,0,1,143,205000
287,Mahdia,Mahdia,1,2,125,330000
288,Mahdia,Mahdia,1,4,195,250000
289,Mahdia,Mahdia,1,4,186,235000
290,Mahdia,Mahdia,1,5,220,350000
291,Mahdia,Mahdia,1,2,175,210000
292,Manouba,Borj El Amri,1,3,115,95000
293,Manouba,Borj El Amri,1,7,310,600000
294,Manouba,Denden,0,2,77,105000
295,Manouba,Denden,0,3,95,180000
296,Manouba,Denden,0,4,112,190000
297,Manouba,Denden,1,6,341,600000
298,Manouba,Denden,1,3,125,300000
299,Manouba,Denden,1,4,170,400000
300,Manouba,Djedeida,1,3,250,550000
301,Manouba,Douar Hicher,0,3,106,120000
302,Manouba,Douar Hicher,0,1,75,83000
303,Manouba,Douar Hicher,0,3,120,140000
304,Manouba,Douar Hicher,1,4,200,280000
305,Manouba,El Battan,1,5,202,240000
306,Manouba,Manouba Ville,0,6,96,180000
307,Manouba,Manouba Ville,0,1,54,88000
308,Manouba,Manouba Ville,0,4,102,180000
309,Manouba,Manouba Ville,0,4,97,150000
310,Manouba,Manouba Ville,0,4,110,195000
311,Manouba,Manouba Ville,1,7,108,290000
312,Manouba,Manouba Ville,1,7,150,370000
313,Manouba,Manouba Ville,1,6,220,530000
314,Manouba,Manouba Ville,1,1,162,320000
315,Manouba,Manouba Ville,1,6,150,350000
316,Manouba,Manouba Ville,1,1,218,470000
317,Manouba,Mornaguia,0,4,109,204000
318,Manouba,Mornaguia,0,3,85,130000
319,Manouba,Mornaguia,1,3,100,160000
320,Manouba,Mornaguia,1,4,180,330000
321,Manouba,Mornaguia,1,5,150,300000
322,Manouba,Mornaguia,1,1,255,490000
323,Manouba,Mornaguia,1,1,317,560000
324,Manouba,Oued Ellil,0,8,540,520000
325,Manouba,Oued Ellil,0,4,80,95000
326,Manouba,Oued Ellil,1,6,180,245000
327,Manouba,Oued Ellil,1,8,162,250000
328,Manouba,Oued Ellil,1,4,200,280000
329,Manouba,Oued Ellil,1,1,450,400000
330,Manouba,Oued Ellil,1,4,180,245000
331,Manouba,Tebourba,1,5,210,390000
332,Manouba,Tebourba,1,5,140,295000
333,Manouba,Tebourba,1,4,170,350000
334,Médenine,Ben Gardane,1,3,110,600000
335,Médenine,Djerba - Midoun,0,3,111,184000
336,Médenine,Djerba - Midoun,0,2,80,160000
337,Médenine,Djerba - Midoun,0,4,200,350000
338,Médenine,Djerba - Midoun,0,3,150,245000
339,Médenine,Djerba - Midoun,0,3,120,190000
340,Médenine,Djerba - Midoun,0,2,60,100000
341,Médenine,Djerba - Midoun,1,3,160,315000
342,Médenine,Djerba - Midoun,1,4,190,390000
343,Médenine,Djerba - Midoun,1,5,246,590000
344,Médenine,Djerba - Midoun,1,2,140,300000
345,Médenine,Djerba - Midoun,1,6,250,600000
346,Médenine,Djerba-Houmt Souk,0,5,172,345000
347,Médenine,Djerba-Houmt Souk,0,2,65,153000
348,Médenine,Djerba-Houmt Souk,0,3,120,230000
349,Médenine,Djerba-Houmt Souk,0,4,144,300000
350,Médenine,Djerba-Houmt Souk,1,1,80,165000
351,Médenine,Djerba-Houmt Souk,1,5,175,450000
352,Médenine,Djerba-Houmt Souk,1,4,147,380000
353,Médenine,Djerba-Houmt Souk,1,3,120,320000
354,Médenine,Djerba-Houmt Souk,1,2,100,280000
355,Médenine,Médenine Nord,1,7,370,370000
356,Médenine,Médenine Nord,1,4,170,205000
357,Médenine,Médenine Sud,1,5,150,160000
358,Médenine,Médenine Sud,1,1,298,260000
359,Médenine,Médenine Sud,1,4,136,137000
360,Médenine,Médenine Sud,1,8,200,195000
361,Médenine,Médenine Sud,1,1,130,120000
362,Médenine,Zarzis,1,2,300,560000
363,Médenine,Zarzis,1,4,250,780000
364,Médenine,Zarzis,1,6,212,327000
365,Médenine,Zarzis,1,9,240,540000
366,Médenine,Zarzis,1,8,170,306000
367,Médenine,Zarzis,1,6,125,190000
368,Monastir,Bekalta,1,4,170,130000
369,Monastir,Bekalta,1,2,100,60000
370,Monastir,Bembla,1,6,168,135000
371,Monastir,Jemmal,1,5,360,390000
372,Monastir,Jemmal,1,3,120,250000
373,Monastir,Jemmal,1,4,180,290000
374,Monastir,Ksar Hellal,1,3,135,250000
375,Monastir,Ksar Hellal,1,5,210,380000
376,Monastir,Ksar Hellal,1,4,180,300000
377,Monastir,Ksibet el-Médiouni,1,7,200,450000
378,Monastir,Moknine,1,2,415,1000000
379,Monastir,Moknine,1,5,250,250000
380,Monastir,Moknine,1,6,250,300000
381,Monastir,Monastir,0,2,160,215000
382,Monastir,Monastir,0,3,87,105000
383,Monastir,Monastir,0,2,48,50000
384,Monastir,Monastir,0,2,55,60000
385,Monastir,Monastir,0,3,100,160000
386,Monastir,Monastir,1,2,1255,2000000
387,Monastir,Monastir,1,2,415,900000
388,Monastir,Monastir,1,2,595,1200000
389,Monastir,Monastir,1,2,900,1800000
390,Monastir,Monastir,1,6,155,350000
391,Monastir,Monastir,1,5,300,800000
392,Monastir,Ouerdanine,1,4,100,160000
393,Monastir,Sahline,1,6,600,1000
394,Monastir,Téboulba,1,8,230,500000
395,Nabeul,Béni Khalled,1,5,240,160000
396,Nabeul,Béni Khalled,1,5,226,155000
397,Nabeul,Béni Khalled,1,6,450,370000
398,Nabeul,Béni Khalled,1,6,320,470000
399,Nabeul,Béni Khiar,0,3,165,150000
400,Nabeul,Béni Khiar,0,2,120,120000
401,Nabeul,Béni Khiar,0,3,150,180000
402,Nabeul,Béni Khiar,0,4,190,220000
403,Nabeul,Béni Khiar,0,3,180,200000
404,Nabeul,Béni Khiar,1,3,171,185000
405,Nabeul,Béni Khiar,1,7,350,780000
406,Nabeul,Béni Khiar,1,2,135,150000
407,Nabeul,Béni Khiar,1,4,200,255000
408,Nabeul,Béni Khiar,1,3,450,420000
409,Nabeul,Béni Khiar,1,4,320,345000
410,Nabeul,Dar Châabane El Fehri,0,3,115,220000
411,Nabeul,Dar Châabane El Fehri,0,2,96,185000
412,Nabeul,Dar Châabane El Fehri,0,4,150,250000
413,Nabeul,Dar Châabane El Fehri,1,1,80,110000
414,Nabeul,Dar Châabane El Fehri,1,3,190,350000
415,Nabeul,Dar Châabane El Fehri,1,2,110,150000
416,Nabeul,El Haouaria,0,2,133,183000
417,Nabeul,El Haouaria,1,1,80,90000
418,Nabeul,El Haouaria,1,2,115,145000
419,Nabeul,El Haouaria,1,3,140,185000
420,Nabeul,El Haouaria,1,3,120,200000
421,Nabeul,El Haouaria,1,6,450,350000
422,Nabeul,El Mida,0,2,100,150000
423,Nabeul,Grombalia,0,4,100,150000
424,Nabeul,Grombalia,1,5,180,280000
425,Nabeul,Grombalia,1,4,140,200000
426,Nabeul,Grombalia,1,7,212,345000
427,Nabeul,Grombalia,1,4,110,180000
428,Nabeul,Hammam Ghezèze,0,2,120,250000
429,Nabeul,Hammam Ghezèze,0,2,105,180000
430,Nabeul,Hammam Ghezèze,1,4,226,400000
431,Nabeul,Hammam Ghezèze,1,5,140,320000
432,Nabeul,Hammam Ghezèze,1,1,92,120000
433,Nabeul,Hammam Ghezèze,1,3,170,180000
434,Nabeul,Hammam Ghezèze,1,3,280,320000
435,Nabeul,Hammam Ghezèze,1,2,179,180000
436,Nabeul,Hammamet,0,6,178,540000
437,Nabeul,Hammamet,0,4,145,375000
438,Nabeul,Hammamet,0,1,70,150000
439,Nabeul,Hammamet,0,4,110,250000
440,Nabeul,Hammamet,0,3,150,350000
441,Nabeul,Hammamet,0,4,165,420000
442,Nabeul,Hammamet,0,4,138,353000
443,Nabeul,Hammamet,0,2,100,200000
444,Nabeul,Hammamet,1,3,170,425000
445,Nabeul,Hammamet,1,7,350,1000000
446,Nabeul,Hammamet,1,4,170,450000
447,Nabeul,Hammamet,1,4,135,315000
448,Nabeul,Hammamet,1,3,120,260000
449,Nabeul,Hammamet,1,3,230,380000
450,Nabeul,Hammamet,1,4,128,220000
451,Nabeul,Hammamet Centre,0,1,54,210000
452,Nabeul,Hammamet Centre,0,5,230,430000
453,Nabeul,Hammamet Centre,0,1,23,65000
454,Nabeul,Hammamet Centre,0,2,78,205000
455,Nabeul,Hammamet Centre,0,3,119,330000
456,Nabeul,Hammamet Centre,0,4,130,350000
457,Nabeul,Hammamet Centre,0,2,84,155000
458,Nabeul,Hammamet Centre,1,5,390,950000
459,Nabeul,Hammamet Centre,1,2,115,240000
460,Nabeul,Hammamet Centre,1,4,200,365000
461,Nabeul,Hammamet Nord,0,3,170,481000
462,Nabeul,Hammamet Nord,0,5,248,701000
463,Nabeul,Hammamet Nord,0,3,173,489000
464,Nabeul,Hammamet Nord,0,2,100,230000
465,Nabeul,Hammamet Nord,0,1,49,90000
466,Nabeul,Hammamet Nord,1,1,120,258000
467,Nabeul,Hammamet Nord,1,6,280,610000
468,Nabeul,Hammamet Nord,1,4,240,450000
469,Nabeul,Hammamet Nord,1,4,150,400000
470,Nabeul,Hammamet Nord,1,2,110,250000
471,Nabeul,Hammamet Sud,0,5,140,490000
472,Nabeul,Hammamet Sud,0,1,136,260000
473,Nabeul,Hammamet Sud,0,2,65,110000
474,Nabeul,Hammamet Sud,0,3,110,285000
475,Nabeul,Hammamet Sud,1,2,120,270000
476,Nabeul,Hammamet Sud,1,2,180,320000
477,Nabeul,Hammamet Sud,1,1,100,125000
478,Nabeul,Hammamet Sud,1,5,280,790000
479,Nabeul,Hammamet Sud,1,8,345,1000000
480,Nabeul,Kélibia,0,2,100,98000
481,Nabeul,Kélibia,0,3,130,175000
482,Nabeul,Kélibia,0,4,350,420000
483,Nabeul,Kélibia,0,3,200,250000
484,Nabeul,Kélibia,0,3,136,180000
485,Nabeul,Kélibia,1,4,150,620000
486,Nabeul,Kélibia,1,3,104,220000
487,Nabeul,Kélibia,1,4,150,275000
488,Nabeul,Kélibia,1,5,226,400000
489,Nabeul,Kélibia,1,2,100,150000
490,Nabeul,Korba,0,3,130,145000
491,Nabeul,Korba,0,4,170,220000
492,Nabeul,Korba,0,3,150,180000
493,Nabeul,Korba,0,5,190,250000
494,Nabeul,Korba,0,1,50,60000
495,Nabeul,Korba,1,7,500,800000
496,Nabeul,Korba,1,5,400,680000
497,Nabeul,Korba,1,3,200,400000
498,Nabeul,Korba,1,4,370,500000
499,Nabeul,Korba,1,2,150,270000
500,Nabeul,Menzel Bouzelfa,1,3,170,240000
501,Nabeul,Menzel Bouzelfa,1,4,125,170000
502,Nabeul,Menzel Temime,0,4,100,150000
503,Nabeul,Menzel Temime,0,3,80,120000
504,Nabeul,Menzel Temime,1,7,500,690000
505,Nabeul,Menzel Temime,1,9,300,430000
506,Nabeul,Menzel Temime,1,2,135,195000
507,Nabeul,Menzel Temime,1,2,150,215000
508,Nabeul,Menzel Temime,1,3,85,105000
509,Nabeul,Mrezga,0,3,139,280000
510,Nabeul,Mrezga,0,3,123,260000
511,Nabeul,Mrezga,0,4,130,300000
512,Nabeul,Mrezga,0,5,87,225000
513,Nabeul,Mrezga,0,3,133,292000
514,Nabeul,Mrezga,1,3,320,620000
515,Nabeul,Mrezga,1,3,150,360000
516,Nabeul,Mrezga,1,6,200,450000
517,Nabeul,Mrezga,1,5,270,550000
518,Nabeul,Mrezga,1,5,280,570000
519,Nabeul,Nabeul,0,3,62,170000
520,Nabeul,Nabeul,0,3,101,280000
521,Nabeul,Nabeul,0,3,60,160000
522,Nabeul,Nabeul,0,3,100,260000
523,Nabeul,Nabeul,0,2,65,140000
524,Nabeul,Nabeul,0,8,200,420000
525,Nabeul,Nabeul,1,2,220,380000
526,Nabeul,Nabeul,1,6,140,250000
527,Nabeul,Nabeul,1,3,100,150000
528,Nabeul,Nabeul,1,5,580,800000
529,Nabeul,Nabeul,1,4,176,350000
530,Nabeul,Soliman,1,6,170,250000
531,Nabeul,Soliman,1,9,270,470000
532,Nabeul,Soliman,1,6,198,300000
533,Nabeul,Soliman,1,1,120,110000
534,Nabeul,Soliman,1,3,120,180000
535,Nabeul,Soliman,1,3,300,500000
536,Sousse,Akouda,0,2,70,136000
537,Sousse,Akouda,0,3,120,275000
538,Sousse,Akouda,0,4,160,350000
539,Sousse,Akouda,0,3,100,250000
540,Sousse,Akouda,1,7,520,1000000
541,Sousse,Akouda,1,5,350,600000
542,Sousse,Akouda,1,3,270,420000
543,Sousse,Akouda,1,4,320,500000
544,Sousse,Akouda,1,1,738,1000000
545,Sousse,Akouda,1,1,800,4000000
546,Sousse,Akouda,1,2,150,250000
547,Sousse,Bouficha,1,5,600,900000
548,Sousse,Enfidha,1,3,450,280000
549,Sousse,Hammam Sousse,0,2,180,320000
550,Sousse,Hammam Sousse,0,5,300,6500000
551,Sousse,Hammam Sousse,0,3,110,170000
552,Sousse,Hammam Sousse,0,3,124,200000
553,Sousse,Hammam Sousse,0,1,106,170000
554,Sousse,Hammam Sousse,1,4,387,380000
555,Sousse,Hammam Sousse,1,5,350,3750000
556,Sousse,Hammam Sousse,1,4,220,300000
557,Sousse,Hammam Sousse,1,10,500,1000000
558,Sousse,Hergla,0,1,90,180000
559,Sousse,Hergla,0,3,180,450000
560,Sousse,Hergla,0,2,112,225000
561,Sousse,Hergla,0,4,220,550000
562,Sousse,Hergla,0,3,200,500000
563,Sousse,Hergla,1,3,150,500000
564,Sousse,Hergla,1,5,228,585000
565,Sousse,Hergla,1,3,100,350000
566,Sousse,Hergla,1,6,280,900000
567,Sousse,Kalaâ Kebira,0,1,70,70000
568,Sousse,Kalaâ Kebira,1,5,70,100000
569,Sousse,Kalaâ Kebira,1,4,180,385000
570,Sousse,Kalaâ Kebira,1,5,200,395000
571,Sousse,Kalaâ Kebira,1,4,110,150000
572,Sousse,Kalaâ Kebira,1,5,270,420000
573,Sousse,Kalaâ Sghira,0,6,330,650000
574,Sousse,Kalaâ Sghira,1,6,130,350000
575,Sousse,Kalaâ Sghira,1,3,88,130000
576,Sousse,Kalaâ Sghira,1,1,100,120000
577,Sousse,Kantaoui,0,2,125,274000
578,Sousse,Kantaoui,0,6,437,973000
579,Sousse,Kantaoui,0,7,500,1000000
580,Sousse,Kantaoui,0,2,100,200000
581,Sousse,Kantaoui,0,5,390,800000
582,Sousse,Kantaoui,1,4,320,850000
583,Sousse,Kantaoui,1,5,450,1000000
584,Sousse,Kantaoui,1,3,280,720000
585,Sousse,Kantaoui,1,7,745,2000000
586,Sousse,Kantaoui,1,3,203,550000
587,Sousse,M'saken,0,4,170,170000
588,Sousse,M'saken,1,4,185,300000
589,Sousse,M'saken,1,6,320,650000
590,Sousse,M'saken,1,4,300,550000
591,Sousse,M'saken,1,3,160,296000
592,Sousse,M'saken,1,1,75,110000
593,Sousse,Sahloul,0,4,156,290000
594,Sousse,Sahloul,0,2,58,150000
595,Sousse,Sahloul,0,3,115,245000
596,Sousse,Sahloul,0,1,43,105000
597,Sousse,Sahloul,0,4,220,430000
598,Sousse,Sahloul,1,3,100,255000
599,Sousse,Sahloul,1,4,130,345000
600,Sousse,Sahloul,1,2,287,650000
601,Sousse,Sahloul,1,3,250,580000
602,Sousse,Sahloul,1,2,110,285000
603,Sousse,Sousse Jawhara,0,3,166,360000
604,Sousse,Sousse Jawhara,0,1,107,163000
605,Sousse,Sousse Jawhara,0,6,110,285000
606,Sousse,Sousse Jawhara,0,3,111,222000
607,Sousse,Sousse Jawhara,0,8,1400,2000000
608,Sousse,Sousse Jawhara,0,3,105,180000
609,Sousse,Sousse Jawhara,1,7,340,850000
610,Sousse,Sousse Jawhara,1,6,360,750000
611,Sousse,Sousse Jawhara,1,3,200,470000
612,Sousse,Sousse Jawhara,1,3,900,1200000
613,Sousse,Sousse Jawhara,1,3,127,165000
614,Sousse,Sousse Médina,0,5,108,260000
615,Sousse,Sousse Médina,0,3,140,280000
616,Sousse,Sousse Médina,0,4,135,350000
617,Sousse,Sousse Médina,0,4,165,400000
618,Sousse,Sousse Médina,0,2,90,185000
619,Sousse,Sousse Médina,1,3,117,340000
620,Sousse,Sousse Médina,1,7,500,1000000
621,Sousse,Sousse Médina,1,8,530,1000000
622,Sousse,Sousse Médina,1,4,300,500000
623,Sousse,Sousse Médina,1,3,84,160000
624,Sousse,Sousse Riadh,0,3,103,201000
625,Sousse,Sousse Riadh,0,4,122,258000
626,Sousse,Sousse Riadh,0,3,80,170000
627,Sousse,Sousse Riadh,0,3,75,146000
628,Sousse,Sousse Riadh,0,3,74,140000
629,Sousse,Sousse Riadh,1,3,240,260000
630,Sousse,Sousse Riadh,1,7,132,190000
631,Sousse,Sousse Riadh,1,6,560,550000
632,Sousse,Sousse Riadh,1,2,75,110000
633,Sousse,Sousse Riadh,1,8,260,285000
634,Sousse,Sousse Sidi Abdelhamid,0,3,100,110000
635,Sousse,Sousse Sidi Abdelhamid,0,2,100,85000
636,Sousse,Sousse Sidi Abdelhamid,0,4,85,80000
637,Sousse,Sousse Sidi Abdelhamid,0,2,54,60000
638,Sousse,Sousse Sidi Abdelhamid,0,3,75,85000
639,Sousse,Sousse Sidi Abdelhamid,0,3,87,87000
640,Sousse,Sousse Sidi Abdelhamid,1,1,380,350000
641,Sousse,Sousse Sidi Abdelhamid,1,1,165,200000
642,Sousse,Sousse Sidi Abdelhamid,1,8,100,230000
643,Sousse,Sousse Sidi Abdelhamid,1,2,300,400000
644,Sousse,Zaouit-Ksibat Thrayett,0,6,200,300000
645,Sousse,Zaouit-Ksibat Thrayett,1,4,120,110000
646,Sousse,Zaouit-Ksibat Thrayett,1,6,1040,899000
647,Sousse,Zaouit-Ksibat Thrayett,1,4,290,217000
648,Tataouine,Tataouine Nord,1,4,160,130000
649,Tataouine,Tataouine Nord,1,4,165,150000
650,Tataouine,Tataouine Nord,1,9,160,265000
651,Tataouine,Tataouine Nord,1,9,140,195000
652,Tataouine,Tataouine Nord,1,6,120,120000
653,Tataouine,Tataouine Nord,1,9,250,190000
654,Tataouine,Tataouine Sud,1,3,180,141000
655,Tataouine,Tataouine Sud,1,4,130,120000
656,Tunis,Agba,0,2,41,87000
657,Tunis,Agba,0,3,80,105000
658,Tunis,Agba,0,3,100,130000
659,Tunis,Agba,0,5,103,145000
660,Tunis,Agba,1,4,170,130000
661,Tunis,Aïn Zaghouan,0,3,80,170000
662,Tunis,Aïn Zaghouan,0,3,200,650000
663,Tunis,Aïn Zaghouan,0,2,175,330000
664,Tunis,Aïn Zaghouan,0,3,100,190000
665,Tunis,Aïn Zaghouan,1,4,193,440000
666,Tunis,Aïn Zaghouan,1,7,432,980000
667,Tunis,Aïn Zaghouan,1,3,150,300000
668,Tunis,Aïn Zaghouan,1,5,286,530000
669,Tunis,Aïn Zaghouan,1,5,175,420000
670,Tunis,Carthage,0,2,107,268000
671,Tunis,Carthage,0,4,237,560000
672,Tunis,Carthage,0,4,170,430000
673,Tunis,Carthage,0,2,95,230000
674,Tunis,Carthage,0,4,237,560000
675,Tunis,Carthage,0,3,140,320000
676,Tunis,Carthage,1,4,260,630000
677,Tunis,Carthage,1,2,109,450000
678,Tunis,Carthage,1,9,450,1000000
679,Tunis,Carthage,1,3,135,500000
680,Tunis,Centre Urbain Nord,0,2,120,250000
681,Tunis,Centre Urbain Nord,0,4,175,600000
682,Tunis,Centre Urbain Nord,1,2,58,200000
683,Tunis,Centre Ville - Lafayette,0,4,169,280000
684,Tunis,Centre Ville - Lafayette,0,4,116.26,240000
685,Tunis,Centre Ville - Lafayette,0,3,115,155000
686,Tunis,Centre Ville - Lafayette,0,1,36,70000
687,Tunis,Centre Ville - Lafayette,0,3,95,210000
688,Tunis,Centre Ville - Lafayette,1,7,587,850000
689,Tunis,Centre Ville - Lafayette,1,3,300,400000
690,Tunis,Centre Ville - Lafayette,1,4,179,500000
691,Tunis,Centre Ville - Lafayette,1,1,75,78000
692,Tunis,Cité El Khadra,0,3,250,300000
693,Tunis,Cité El Khadra,0,2,120,220000
694,Tunis,Cité El Khadra,0,2,64,150000
695,Tunis,Cité El Khadra,0,5,300,390000
696,Tunis,Cité El Khadra,0,4,270,350000
697,Tunis,Cité El Khadra,1,8,400,1000000
698,Tunis,Cité El Khadra,1,3,140,250000
699,Tunis,Cité El Khadra,1,2,120,200000
700,Tunis,Cité Olympique,0,4,140,200000
701,Tunis,Cité Olympique,0,3,115,183000
702,Tunis,Cité Olympique,0,3,100,175000
703,Tunis,Djebel Jelloud,0,2,85,80000
704,Tunis,Djebel Jelloud,1,3,115,130000
705,Tunis,Djebel Jelloud,1,4,145,190000
706,Tunis,Djebel Jelloud,1,5,180,300000
707,Tunis,El Kabaria,1,9,300,330000
708,Tunis,El Kabaria,1,5,100,170000
709,Tunis,El Kabaria,1,3,80,80000
710,Tunis,El Omrane,1,3,100,125000
711,Tunis,El Omrane,1,7,339,560000
712,Tunis,El Omrane,1,1,100,125000
713,Tunis,El Omrane,1,5,280,350000
714,Tunis,El Omrane,1,5,250,300000
715,Tunis,El Omrane,1,1,406,350000
716,Tunis,El Omrane supérieur,0,1,80,112000
717,Tunis,El Omrane supérieur,0,2,100,220000
718,Tunis,El Omrane supérieur,0,3,135,260000
719,Tunis,El Omrane supérieur,1,1,80,125000
720,Tunis,El Omrane supérieur,1,4,200,365000
721,Tunis,El Omrane supérieur,1,4,110,220000
722,Tunis,El Omrane supérieur,1,2,100,100000000
723,Tunis,El Omrane supérieur,1,4,140,250000
724,Tunis,El Ouardia,0,2,90,115000
725,Tunis,El Ouardia,0,4,130,162000
726,Tunis,El Ouardia,0,3,115,130000
727,Tunis,El Ouardia,0,3,130,150000
728,Tunis,El Ouardia,1,2,120,140000
729,Tunis,El Ouardia,1,5,350,320000
730,Tunis,El Ouardia,1,7,90,160000
731,Tunis,El Ouardia,1,5,400,280000
732,Tunis,El Ouardia,1,4,315,300000
733,Tunis,Ettahrir,0,5,110,220000
734,Tunis,Ettahrir,0,1,78,120000
735,Tunis,Ettahrir,0,2,100,210000
736,Tunis,Ettahrir,0,2,70,88000
737,Tunis,Ettahrir,0,4,113,145000
738,Tunis,Ettahrir,1,1,600,670000
739,Tunis,Ettahrir,1,3,350,350000
740,Tunis,Ezzouhour,0,1,65,60000
741,Tunis,Ezzouhour,1,5,180,220000
742,Tunis,Ezzouhour,1,3,130,170000
743,Tunis,Ezzouhour,1,7,234,270000
744,Tunis,Ezzouhour,1,4,150,215000
745,Tunis,Ezzouhour,1,4,200,240000
746,Tunis,Gammarth,0,2,160,350000
747,Tunis,Gammarth,0,1,85,150000
748,Tunis,Gammarth,0,6,750,1000000
749,Tunis,Gammarth,0,2,120,212000
750,Tunis,Gammarth,0,4,170,340000
751,Tunis,Gammarth,1,8,600,1000000
752,Tunis,Gammarth,1,6,400,800000
753,Tunis,Gammarth,1,3,220,355000
754,Tunis,Gammarth,1,7,500,900000
755,Tunis,Gammarth,1,5,165,300000
756,Tunis,Hraïria,1,3,110,110000
757,Tunis,Hraïria,1,5,130,180000
758,Tunis,Hraïria,1,5,170,250000
759,Tunis,Jardin De Carthage,0,3,120,349000
760,Tunis,Jardin De Carthage,0,4,143,420000
761,Tunis,Jardin De Carthage,0,2,78,220000
762,Tunis,Jardin De Carthage,0,5,171,544000
763,Tunis,Jardin De Carthage,0,5,240,850000
764,Tunis,Jardin De Carthage,1,5,600,1200000
765,Tunis,Jardin De Carthage,1,4,200,580000
766,Tunis,Jardin De Carthage,1,8,400,1000000
767,Tunis,Jardin De Carthage,1,5,180,570000
768,Tunis,L'aouina,0,3,130,210000
769,Tunis,L'aouina,0,4,170,350000
770,Tunis,L'aouina,0,3,120,190000
771,Tunis,L'aouina,0,5,149,260000
772,Tunis,L'aouina,0,5,180,400000
773,Tunis,L'aouina,1,4,193,650000
774,Tunis,L'aouina,1,,500,930000
775,Tunis,L'aouina,1,5,150,465000
776,Tunis,L'aouina,1,4,260,720000
777,Tunis,L'aouina,1,4,140,450000
778,Tunis,La Goulette,0,2,200,440000
779,Tunis,La Goulette,0,4,110,330000
780,Tunis,La Goulette,0,3,96,250000
781,Tunis,La Goulette,1,4,440,1000000
782,Tunis,La Marsa,0,4,132,431000
783,Tunis,La Marsa,0,3,191,529000
784,Tunis,La Marsa,0,5,162,375000
785,Tunis,La Marsa,0,4,180,480000
786,Tunis,La Marsa,0,5,220,580000
787,Tunis,La Marsa,1,4,200,1000000
788,Tunis,La Marsa,1,6,350,1000000
789,Tunis,La Marsa,1,5,240,665000
790,Tunis,La Marsa,1,4,170,400000
791,Tunis,La Marsa,1,3,120,320000
792,Tunis,Le Bardo,0,3,128,300000
793,Tunis,Le Bardo,0,5,175,385000
794,Tunis,Le Bardo,0,4,150,350000
795,Tunis,Le Bardo,0,2,100,220000
796,Tunis,Le Bardo,0,4,115,274000
797,Tunis,Le Bardo,0,5,120,260000
798,Tunis,Le Bardo,1,7,600,1000000
799,Tunis,Le Bardo,1,4,170,460000
800,Tunis,Le Bardo,1,5,240,550000
801,Tunis,Le Bardo,1,3,120,300000
802,Tunis,Le Bardo,1,1,95,160000
803,Tunis,Le Kram,0,1,76,110000
804,Tunis,Le Kram,0,4,180,300000
805,Tunis,Le Kram,0,3,110,188000
806,Tunis,Le Kram,0,6,450,850000
807,Tunis,Le Kram,0,2,100,170000
808,Tunis,Le Kram,0,3,128,215000
809,Tunis,Le Kram,1,4,180,550000
810,Tunis,Le Kram,1,3,160,450000
811,Tunis,Le Kram,1,5,200,600000
812,Tunis,Le Kram,1,3,140,340000
813,Tunis,Le Kram,1,7,400,900000
814,Tunis,Les Berges Du Lac,0,6,356,1000000
815,Tunis,Les Berges Du Lac,0,3,127,480000
816,Tunis,Les Berges Du Lac,0,4,157,620000
817,Tunis,Les Berges Du Lac,0,5,250,670000
818,Tunis,Les Berges Du Lac,0,3,141,535000
819,Tunis,Les Berges Du Lac,1,6,400,1000000
820,Tunis,Les Berges Du Lac,1,4,300,600000
821,Tunis,Les Berges Du Lac,1,4,225,550000
822,Tunis,Médina,0,1,70,150000
823,Tunis,Médina,0,1,43,72000
824,Tunis,Médina,0,3,100,200000
825,Tunis,Médina,0,7,51,90000
826,Tunis,Médina,0,2,34,50000
827,Tunis,Médina,1,1,800,775000
828,Tunis,Médina,1,3,320,500000
829,Tunis,Médina,1,2,130,280000
830,Tunis,Médina,1,6,240,400000
831,Tunis,Médina,1,1,1100,2000000
832,Tunis,Mutuelleville,0,6,110,220000
833,Tunis,Mutuelleville,0,1,150,200000
834,Tunis,Mutuelleville,0,4,90,125000
835,Tunis,Mutuelleville,0,3,60,62000
836,Tunis,Mutuelleville,1,1,1110,2000000
837,Tunis,Mutuelleville,1,1,600,1000000
838,Tunis,Sidi Bou Said,1,6,500,1000000
839,Tunis,Sidi Daoud,0,5,150,400000
840,Tunis,Sidi Daoud,0,4,192,495000
841,Tunis,Sidi Daoud,0,3,170,440000
842,Tunis,Sidi Daoud,0,1,90,220000
843,Tunis,Sidi Daoud,0,3,270,670000
844,Tunis,Sidi Daoud,1,7,500,1000000
845,Tunis,Sidi Daoud,1,1,123,180000
846,Tunis,Sidi Daoud,1,2,450,500000
847,Tunis,Sidi El Béchir,0,1,80,125000
848,Tunis,Sidi El Béchir,0,3,110,190000
849,Tunis,Sidi El Béchir,0,2,90,147000
850,Tunis,Sidi El Béchir,0,5,70,160000
851,Tunis,Sidi El Béchir,0,1,100,165000
852,Tunis,Sidi El Béchir,1,6,100,180000
853,Tunis,Sidi El Béchir,1,4,75,115000
854,Tunis,Sidi El Béchir,1,6,180,350000
855,Tunis,Sidi El Béchir,1,6,400,580000
856,Tunis,Sidi El Béchir,1,8,130,260000
857,Tunis,Sidi Hassine,1,8,200,500000
858,Tunis,Sidi Hassine,1,4,140,250000
859,Tunis,Sidi Hassine,1,2,180,280000
860,Tunis,Sidi Hassine,1,3,156,200000
861,Tunis,Sidi Hassine,1,5,100,155000